impact,1995,1996,1997,1998,1999,2000,2001,2002,2003,2004,2005,2006,2007,2008,2009,2010,2011,2012,2013
Value Added,23807938.422560275,25050507.206277624,27924078.391139805,28075900.821358256,30669568.60865452,36419222.49606201,37365797.99982682,36799666.49382486,34515603.822979055,35333994.80452343,38279198.79547177,41105642.67898106,42456490.5195006,43384159.66751669,43400714.37097626,49990615.70689075,52934204.47832374,58575068.54983272,58276664.74306772
Employment,2421184.5529997977,2460120.922000007,2481972.5200000186,2525222.6859994354,2569599.3970000464,2602571.4460004177,2643028.1130001503,2683428.103999822,2709457.043999969,2765362.1710001444,2796728.3100000997,2862591.9570006356,2945442.66299982,2944472.079000621,2965027.469999985,3024664.026000057,3042368.2469997066,3104552.5119996145,3114105.9347009114
Employment hour,5232651458399.527,5333773701840.002,5386235290360.514,5459557684239.64,5554913631320.336,5631652779612.747,5709485456839.693,5783239120359.137,5840760727280.679,5963892532441.001,6091927764000.397,6206653288240.868,6339773926319.561,6312404541798.774,6321974889039.472,6493726573760.35,6537703841799.511,6647957989080.05,6678508400355.149
"GHG emissions (GWP100) | Problem oriented approach: baseline (CML, 2001) | GWP100 (IPCC, 2007)",31869163614892.133,32431993264212.613,32659578234316.344,32714409764316.562,32978932974892.465,33746890217805.492,34093955538547.668,34608420445409.61,35953911625684.516,37530795139432.24,38728360858699.99,39995474086074.625,41247619067358.58,41551849522051.42,41178992801496.26,43210518086397.945,44501646878634.95,45045165306063.53,45738610654007.22
"Human toxicity (USEtox) | USEtox2008 | CTUh (Rosenbaum et al., 2008)",13089875.465624923,12753211.298783269,12331191.706831843,11863686.327609675,11613904.588236123,14993074.92168002,12287552.796423912,12284926.612415066,12929302.905809553,14493234.868645757,15733895.946521863,17977046.981451664,20021295.471763454,18880958.3130797,14865458.847155944,19578993.010988493,22350261.300217416,24313088.48011281,23437593.95717823
"Fresh water Ecotoxicity (USEtox) | USEtox2008 | CTUe (Rosenbaum et al., 2008)",7095965435208.735,6984399490023.119,6797060053256.177,6597004350314.272,6537930056000.717,8516438681880.323,6926175887354.15,6918883152321.748,7265530492330.805,8221406915349.871,8950876888435.143,10339790754209.283,11609534930672.516,10870805590614.805,8275799271324.275,11191293154675.65,12940422414908.682,13993208922214.102,13499963594333.865
"EPS | Damage Approach | EPS (Steen, 1999))",37434018386312.42,36263842303155.195,35045511756611.05,33684179690140.336,32379591712773.734,48335647780360.47,35812220590413.29,33878456623104.277,34364646449133.78,36587789397740.22,37979279680495.65,42844951559058.734,47218251051702.3,45727512086180.33,38793857231485.56,48632452780535.3,54293112057230.93,60456133856082.93,59317750770966.35
Carcinogenic effects on humans (H.A) | ECOINDICATOR 99 (H.A) | Carcinogenic effects on humans (H.A),4624897.906988755,4575902.940982375,4466680.544235416,4333852.887610118,4327170.265416714,5319796.855026122,4464195.2465802,4442238.187560802,4613199.694253672,5069277.034726193,5396987.710639952,6007910.865768486,6574683.516746105,6270724.700715374,5217605.736184341,6395721.18071512,7024427.818132217,7453273.035194516,7267481.17676588
Respiratory effects on humans caused by organic substances (H.A) | ECOINDICATOR 99 (H.A) | Respiratory effects on humans caused by organic substances (H.A),112325.0375804779,112749.3176056975,112675.44460768663,110693.12939078602,109882.26503743755,110573.94428994106,107797.13925287369,105076.3412755426,101255.68238227034,99545.44990864192,98962.39485666298,98036.6344219103,96132.40842027417,95181.61220816895,94794.06213869846,96477.622476614,95356.53738994343,1405232.1473728598,97964.42604826365
Respiratory effects on humans caused by inorganic substances (H.A) | ECOINDICATOR 99 (H.A) | Respiratory effects on humans caused by inorganic substances (H.A),2205691388529.533,2118387440742.5393,2027714980228.2031,1929182393860.1284,1848827644821.9524,2477001965181.4404,1979552926497.7205,1961529178756.7617,2064101694051.1099,2331407309463.9814,2549665945719.858,2949286550069.6284,3312001577367.175,3079842176224.4067,2288443633638.0312,3189783990950.938,3737175654483.3936,4130504679574.517,3952277832650.52
Damages to human health caused by climate change (H.A) | ECOINDICATOR 99 (H.A) | Damages to human health caused by climate change (H.A),6436577.145429102,6547771.892884976,6589802.814967739,6601210.860645112,6643311.318483291,6801308.108373869,6873198.879082914,6973338.934019984,7240600.620409468,7549045.023573609,7782114.872127451,8029520.782651377,8284911.487692117,8337458.140390987,8252211.629552252,8655139.789265981,8918681.709230268,9020303.966791572,9151181.63721131
Damage to Ecosystem Quality caused by ecotoxic emissions (H.A) | ECOINDICATOR 99 (H.A) | Damage to Ecosystem Quality caused by ecotoxic emissions (H.A),2205696952975.625,2118391978796.7295,2027718152738.5146,1929184776558.4204,1848828874632.8545,2477015445083.501,1979557051859.6033,1961532263402.7883,2064105434456.5718,2331414006003.201,2549674808201.417,2949300834742.413,3312021037108.3047,3079859306572.691,2288450622022.196,3189803452005.194,3737202632215.3306,4130536905193.6426,3952307566588.9443
Damage to Ecosystem Quality caused by the combined effect of acidification and eutrophication (H.A) | ECOINDICATOR 99 (H.A) | Damage to Ecosystem Quality caused by the combined effect of acidification and eutrophication (H.A),1553215151289.571,1812339450601.9834,1845853489519.684,1652468955047.0042,1650475292907.5854,1496614141572.211,1571992021512.7932,1499313961184.7207,1555816973478.7173,1532119313444.003,1597933257273.6902,1707503112813.8447,1711241140934.0383,1672842704100.6548,1837856498751.542,1856371459782.5024,1916437220677.688,1998239350327.4126,1966317901286.3545
Carcinogenic effects on humans (E.E) | ECOINDICATOR 99 (E.E) | Carcinogenic effects on humans (E.E),4624897.906988755,4575902.940982375,4466680.544235416,4333852.887610118,4327170.265416714,5319796.855026122,4464195.2465802,4442238.187560802,4613199.694253672,5069277.034726193,5396987.710639952,6007910.865768486,6574683.516746105,6270724.700715374,5217605.736184341,6395721.18071512,7024427.818132217,7453273.035194516,7267481.17676588
Respiratory effects on humans caused by organic substances (E.E) | ECOINDICATOR 99 (E.E) | Respiratory effects on humans caused by organic substances (E.E),31192511.970947646,30992616.157378662,30992219.019863732,30452608.78684179,30367206.060534097,31237195.907411795,30491312.687851094,30762815.642959267,31642645.536565214,32608194.24373383,33599439.2907799,34954693.55730212,35925558.69675867,35612030.43925951,34726180.24522987,36718124.74687484,38108092.927823484,41446702.338238925,40010303.47549753
Respiratory effects on humans caused by inorganic substances (E.E) | ECOINDICATOR 99 (E.E) | Respiratory effects on humans caused by inorganic substances (E.E),19629702.89580775,21005332.62072888,21104880.54020204,19922606.903678812,19685702.299576208,18853824.41169039,19123758.282821603,18683977.14715937,19198711.385162268,19386096.18993653,20001997.10812062,20570510.226921245,20617005.091867108,20113815.238509327,20743374.450500358,20934089.279870857,21388381.7133741,22097951.759107783,21933549.485556617
Damages to human health caused by climate change (E.E) | ECOINDICATOR 99 (E.E) | Damages to human health caused by climate change (E.E),6436577.145429102,6547771.892884976,6589802.814967739,6601210.860645112,6643311.318483291,6801308.108373869,6873198.879082914,6973338.934019984,7240600.620409468,7549045.023573609,7782114.872127451,8029520.782651377,8284911.487692117,8337458.140390987,8252211.629552252,8655139.789265981,8918681.709230268,9020303.966791572,9151181.63721131
Damage to Ecosystem Quality caused by ecotoxic emissions (E.E)) | ECOINDICATOR 99 (E.E) | Damage to Ecosystem Quality caused by ecotoxic emissions (E.E)),2205696952975.625,2118391978796.7295,2027718152738.5146,1929184776558.4204,1848828874632.8545,2477015445083.501,1979557051859.6033,1961532263402.7883,2064105434456.5718,2331414006003.201,2549674808201.417,2949300834742.413,3312021037108.3047,3079859306572.691,2288450622022.196,3189803452005.194,3737202632215.3306,4130536905193.6426,3952307566588.9443
Damage to Ecosystem Quality caused by the combined effect of acidification and eutrophication (E.E) | ECOINDICATOR 99 (E.E) | Damage to Ecosystem Quality caused by the combined effect of acidification and eutrophication (E.E),1553215151289.571,1812339450601.9834,1845853489519.684,1652468955047.0042,1650475292907.5854,1496614141572.211,1571992021512.7932,1499313961184.7207,1555816973478.7173,1532119313444.003,1597933257273.6902,1707503112813.8447,1711241140934.0383,1672842704100.6548,1837856498751.542,1856371459782.5024,1916437220677.688,1998239350327.4126,1966317901286.3545
Carcinogenic effects on humans (I.I) | ECOINDICATOR 99 (I.I) | Carcinogenic effects on humans (I.I),513287.295909143,503459.3060282561,489051.8444655252,470880.4454783629,463182.870599934,589547.2792821265,482093.61378148966,470047.21384918084,483346.1302051533,522454.53603555216,550036.5509548453,608100.1020519179,663522.4985722634,629449.8164012071,519978.7919638444,643353.3718872867,712508.6407969627,768457.9962090148,748357.7039179353
Respiratory effects on humans caused by organic substances (I.I) | ECOINDICATOR 99 (I.I) | Respiratory effects on humans caused by organic substances (I.I),107952.09884085908,108365.50662636838,108261.79275298386,106354.64322049273,105595.58335434902,106252.49297988185,103664.42431489803,101139.95036971543,97671.29109038133,96170.97172488595,95689.6141383173,94912.85197165425,93180.50935935823,92332.91542620692,91948.28042084689,93607.90479053487,92667.74002861956,1310499.926695952,95162.65395783086
Respiratory effects on humans caused by inorganic substances (I.I) | ECOINDICATOR 99 (I.I) | Respiratory effects on humans caused by inorganic substances (I.I),29892199.991832882,30554397.905819885,30670288.464310165,29641482.575379767,29462709.117749736,29602777.67701534,29364864.00954108,29348950.823067755,30333104.014781527,31049861.767318465,32100242.189215563,33336715.542879246,34008213.77072711,33537705.85847786,33411818.347832046,34845452.94833381,36085841.72062773,37898689.50925634,37642908.64924984
Damages to human health caused by climate change (I.I) | ECOINDICATOR 99 (I.I) | Damages to human health caused by climate change (I.I),6201781.441290824,6308128.7009982,6347436.100921738,6357323.2574702725,6397447.006110681,6548168.356318269,6616574.402666936,6712225.550416991,6968235.219258365,7263842.81485183,7486959.82927128,7724219.45285848,7968378.800013987,8019052.087560926,7937388.647533267,8323025.022414938,8576194.981242241,8674359.540169211,8799204.113911007
Damage to Ecosystem Quality caused by ecotoxic emissions (I.I) | ECOINDICATOR 99 (I.I) | Damage to Ecosystem Quality caused by ecotoxic emissions (I.I),263874445216.1718,255215032673.935,245986678509.89688,235825948891.09375,227963408697.64096,319604167812.72327,247150819849.89236,241968917804.75113,253136098652.76718,286392200045.74994,312543003155.24475,365920380393.30817,414552374072.49036,383629584439.1104,278082365810.9517,398044115305.0569,473430125181.1972,523740933594.7263,503101338238.54846
Damage to Ecosystem Quality caused by the combined effect of acidification and eutrophication (I.I) | ECOINDICATOR 99 (I.I) | Damage to Ecosystem Quality caused by the combined effect of acidification and eutrophication (I.I),1553215151289.571,1812339450601.9834,1845853489519.684,1652468955047.0042,1650475292907.5854,1496614141572.211,1571992021512.7932,1499313961184.7207,1555816973478.7173,1532119313444.003,1597933257273.6902,1707503112813.8447,1711241140934.0383,1672842704100.6548,1837856498751.542,1856371459782.5024,1916437220677.688,1998239350327.4126,1966317901286.3545
Unused Domestic Extraction,33579746.12391621,34288348.42958066,35033430.018850654,35313285.510910936,35276667.16836563,36013238.87785855,37232892.82247332,37226605.7412738,38300962.10353844,39923326.48864208,41500883.70651279,42729158.564044,44036502.94168032,44838013.212361865,44470954.86285718,46223200.812307335,47726966.088332854,49002454.39777278,50543165.460301705
Water Consumption Green - Agriculture,5085091.5590295745,5425188.55206375,5391239.012691697,5412408.346577791,5507489.209077239,5522492.071753614,5756299.331304464,5689000.549552604,6015135.052698882,6248566.532800158,6405280.719971711,6496474.210953876,6708637.179617676,7070827.614484825,6967520.5908556115,7292558.137727741,7283823.370795127,7935322.807340605,7764618.982387113
Water Consumption Blue - Agriculture,814412.8729413381,846595.6677426843,855317.4742886247,852759.2990060824,878631.6944992589,867263.1916201034,866208.5395116027,872228.6304845802,884287.2476688457,920928.8990473544,940277.9289513626,962959.6151387234,1001995.6054542562,999954.3993330394,1004500.7566559941,1040250.2924964534,1038126.8669430258,1166878.261376881,1145883.4755436662
Water Consumption Blue - Livestock,26662.926918399997,26724.6314801,26767.571652299997,26651.373492899995,26927.819034500004,27132.5792924,27249.34473649999,27654.053926599998,28017.68673509998,28588.558246000004,29174.893783899992,29717.95530899999,30224.15718969999,30529.915735199993,30835.8550272,31125.483658799996,31125.483658799996,33563.04464455547,34305.41486586021
Water Consumption Blue - Manufacturing,30096.276834678087,30053.88684843144,29673.190559575134,28892.82130527251,28399.320351099333,38039.66641781802,40749.26730077315,42019.11581018517,42357.12555578122,42980.54520038528,56939.78206324086,59183.14690312055,65090.384621449135,57991.675208251974,66330.1069883708,71977.71194741475,74359.3479381701,86143.09119226593,88329.28229426642
Water Consumption Blue - Electricity,12468.788483746217,12729.470612641993,12790.810857911072,12983.961608406882,13125.106386711082,13804.328410541737,13974.01212199784,14267.488954251297,14769.980589572991,15249.655238889294,15591.752994945373,16058.812750436557,16690.51812645064,16718.600684458474,16344.120071089957,16249.753399562429,16249.753399560244,17127.313751451984,16147.628782364893
Water Consumption Blue - Domestic,44012.09899600001,44594.5686,50532.32762099999,50696.533896000015,51454.118871,52653.15608400001,53434.63938100001,53938.444792999995,54921.402925,56539.265376999996,58059.421706,60619.106693,62597.148118000005,63558.430219999995,63572.01211099999,65590.28042499999,65590.28042499999,71783.64368698846,71639.0151936221
Water Consumption Blue - Total,927652.9641741624,960698.2252838565,975081.3749794115,971983.9893086631,998538.0591425697,998892.9218248631,1001615.803051873,1010107.733968616,1024353.4434742988,1064286.9231096297,1100043.7794994477,1128538.6367942807,1176597.8135098568,1168753.0211809499,1181582.850853656,1225193.52192723,1225451.7323645568,1375495.3546521417,1356304.8166797797
Water Withdrawal Blue - Manufacturing,209966.66395729277,210951.3816170459,209590.32550145965,204952.57938102537,199837.35027827902,210959.4641855656,221367.413833728,227239.57243372104,225007.77386263435,228487.06942347676,259062.28938433967,268864.9078820001,289732.9669433897,274270.06075728545,287155.6702375338,307704.4250518485,315869.9138861751,350952.2527930117,344680.5445660586
Water Withdrawal Blue - Electricity,502921.06710154185,513894.99130139186,513041.5449107603,518042.27003592247,512680.7936160562,525818.9127394868,531124.3533838332,539885.9214058362,533690.6859843716,542596.5937952276,549186.1943502082,561043.5708859673,584209.4996400297,588759.4998653991,572393.2697582868,567777.2232786863,567777.2232786411,616361.9809701467,573563.9719124902
Water Withdrawal Blue - Domestic,306289.32066,311009.04007,316358.808712,316628.345188,319990.348525,325980.447362,329827.021112,331599.297732,336136.472303,344476.061479,351981.87351999996,365308.172,375366.9960199999,380009.15442999994,378125.36153000005,388595.2904099999,388595.2904099999,426783.0910056698,420897.94799003616
Water Withdrawal Blue - Total,1019177.0517188343,1035855.4129884371,1038990.6791242205,1039623.1946049462,1032508.4924193351,1062758.824287052,1082318.7883295617,1098724.791571557,1094834.9321500051,1115559.724697705,1160230.3572545473,1195216.6507679666,1249309.4626034182,1243038.715052685,1237674.3015258214,1264076.9387405342,1272242.4275748157,1394097.324768828,1339142.464468586
"Carbon dioxide (CO2) IPCC categories 1 to 4 and 6 to 7 (excl land use, land use change and forestry)",22028226.158850767,22495160.02469942,22782129.925063167,22910678.395981174,23088505.764293943,23819250.782645978,24158172.161714688,24579021.73188868,25704620.249556728,26943721.56875612,27928749.086704686,28920404.215092123,30004386.508743376,30194490.808694568,29841424.766713444,31536276.504937813,32514426.98852379,32831716.700721707,33443991.24176628
"Methane (CH4) IPCC categories 1 to 4 and 6 to 7 (excl land use, land use change and forestry)",302470.1009491199,304151.843411127,301121.29648483184,295834.22484998166,295486.51078019995,296620.0448572414,296123.93259213696,296676.3205637911,303659.7451649135,311392.1938766675,316522.58973854803,323666.8959508245,327029.3292853647,330071.2167031075,328030.8379160726,336097.65666046645,344949.86088124,349786.9727957163,350824.8604405016
"Nitrous Oxide (N2O) IPCC categories 1 to 4 and 6 to 7 (excl land use, land use change and forestry)",819.4689302812479,820.5581230048981,840.2582486595351,847.7933938033992,861.3687940356906,862.8642219208509,864.5017360226232,867.7213368852256,881.8870465865368,915.0780101487542,930.6616089174325,946.4908500854948,967.0983884690281,962.1745368703339,939.4505133861649,973.6492740400616,995.7190161766632,999.702735520352,1011.1620818499042
"Carbon dioxide (CO2) CO2EQ IPCC categories 1 to 4 and 6 to 7 (excl land use, land use change and forestry)",22028226.158850767,22495160.02469942,22782129.925063167,22910678.395981174,23088505.764293943,23819250.782645978,24158172.161714688,24579021.73188868,25704620.249556728,26943721.56875612,27928749.086704686,28920404.215092123,30004386.508743376,30194490.808694568,29841424.766713444,31536276.504937813,32514426.98852379,32831716.700721707,33443991.24176628
"Methane (CH4) CO2EQ IPCC categories 1 to 4 and 6 to 7 (excl land use, land use change and forestry)",7405284.590902729,7445116.41754845,7371513.328324239,7236606.071342349,7225661.927290864,7254788.125513487,7241116.419589465,7251658.277519993,7426783.352122048,7615149.712041382,7742673.676534216,7918946.234370162,7998762.407882352,8075126.736177602,8024003.731751816,8222405.765312492,8436889.020880686,8557068.656268239,8584772.302566322
"Nitrous Oxide (N2O) CO2EQ IPCC categories 1 to 4 and 6 to 7 (excl land use, land use change and forestry)",2109299.5004978105,2135987.9599371827,2116104.4369660546,2150897.0662475294,2181777.939827837,2172832.4494417934,2188445.7083004685,2228357.818366106,2226148.841722715,2294982.454734089,2308398.6772031854,2340950.1529734293,2397687.5448243334,2392439.8942747503,2387021.4694966255,2436172.4459678535,2524065.680528176,2534170.9255945827,2516648.865114817
Carbon dioxide (CO2) Fuel combustion and cement,21825320.02875693,22284059.818466946,22562442.779286623,22682647.479469087,22852014.3827626,23604108.327928893,23942300.721732587,24362039.40250069,25485909.51931373,26700890.465134043,27620295.75751674,28596849.85024491,29671282.576623663,29845491.95075331,29500337.405485198,31179116.982305456,32142988.792873494,32407938.538673364,32997685.281089894
Carbon dioxide (CO2) Fuel combustion,21197745.25664175,21642953.46542579,21902204.84390322,22026263.25790148,22166464.426674206,22887260.987265207,23192236.521498464,23569729.28569457,24634325.176536612,25792024.397990458,26659911.731340982,27550554.793802015,28548862.88758353,28706901.223638754,28326426.482149757,29927629.027988438,30800007.955156904,31034450.612376932,31573653.997822076
"GHG emissions (GWP100) | Problem oriented approach: baseline (CML, 1999) | GWP100 (IPCC, 2007)",31873130819125.758,32435975453574.746,32663557814561.14,32718319331235.555,32982813902926.562,33750795575236.766,34097762822093.29,34612131633187.023,35957487871713.305,37534310981832.945,38731856108202.02,39998936638682.59,41251014364656.36,41555211238216.98,41182340829787.1,43213925576309.164,44505014772981.305,45094796653054.2,45742070656280.91
"GHG emissions (GWP100min) | Problem oriented approach: non baseline (CML, 1999) | net GWP100 min(Houghton et al., 2001)",32192095198708.16,32747306451680.945,32970755829555.01,33016695302952.062,33269199873747.758,34020468133336.938,34343719936324.133,34851871832974.867,36170946359968.1,37743848726914.31,38939290138476.91,40201520176157.09,41452862109374.45,41742562294392.18,41357581174951.42,43392625406733.23,44669338761812.5,45227916480298.29,45918176241143.67
"GHG emissions (GWP100max) | Problem oriented approach: non baseline (CML, 1999) | net GWP100 max(Houghton et al., 2001)",33093936999481.3,33638113903815.1,33851904918085.188,33872731158481.797,34108024471409.41,34830170645779.844,35129487654470.914,35636274666678.84,36930253367963.12,38502280332498.31,39701748442362.57,40968065585191.016,42219860300477.32,42508942369023.54,42120755116846.89,44171989322007.95,45444627268614.945,46035568630180.94,46712633523170.85
"GHG emissions (GWP20) | Problem oriented approach: non baseline (CML, 1999) | GWP20 (IPCC, 2007)",45704185415583.25,46341155797196.7,46431794943563.805,46231826751711.664,46475415541215.36,47296578490036.97,47618072428245.31,48150335205439.54,49824422488406.99,51754407342878.8,53190499309878.44,54787289338549.625,56187076620134.06,56634540314770.93,56166778922584.72,58568944922097.62,60260610767967.96,61015657947905.016,61759898656350.94
"GHG emissions (GWP500) | Problem oriented approach: non baseline (CML, 1999) | GWP500 (IPCC, 2007)",25723741400417.977,26245767230744.08,26533007241931.125,26664990813654.246,26921240990351.47,27676025652846.79,28024100338246.406,28513037197369.875,29738780219618.074,31149482616039.28,32252990313275.766,33382683433528.055,34552722452167.004,34807095767043.055,34470884717326.523,36341719165424.16,37440856513648.31,37917077078757.766,38602505524647.81
"ozone layer depletion (ODP steady state) | Problem oriented approach: baseline (CML, 1999) | ODP steady state (WMO, 2003)",2018340.5190244443,2025964.300727787,2024636.8952940293,1989017.168740085,1974446.949890834,1986875.5614608114,1936979.8459515641,1888090.5072949626,1819438.0428067502,1788707.303045325,1778230.5325812628,1761595.774768783,1727379.2138011968,1710294.5943659777,1703330.8040548912,1733582.2788772574,1713437.781224886,25250265.14821184,1760298.2805554834
"human toxicity (HTP inf) | Problem oriented approach: baseline (CML, 1999) | HTP inf. (Huijbregts, 1999 & 2000)",126690961726610.67,123113303132451.23,118900190413419.4,114424947146904.98,111118459054584.8,162831343187558.47,121365125897720.42,115960601161514.12,118181618984385.17,127523389619338.66,133463689993634.47,151290050646278.28,167449820731665.03,161325307000158.38,134780057147913.5,169794091810426.1,188990830201481.6,219937340781657.6,203721619552289.94
"Freshwater aquatic ecotoxicity (FAETP inf) | Problem oriented approach: baseline (CML, 1999) | FAETP inf. (Huijbregts, 1999 & 2000)",123148706434.56718,120582608050.3891,117846936064.50284,113517183033.61928,111485689795.4335,140849548065.54523,117858586204.38379,115537111291.34923,119296822891.17596,127342591107.68991,134077716468.6388,145242080623.1122,156266731501.95355,151146931704.53125,131580855205.1897,155348878779.75412,170129924649.9651,207622978250.23178,181617815878.672
"Marine aquatic ecotoxicity (MAETP inf) | Problem oriented approach: baseline (CML, 1999) | MAETP inf. (Huijbregts, 1999 & 2000)",459183824867520.4,457742748388069.75,445225950695614.9,433111202114559.8,431685630461738.56,498709655311933.1,441773672812915.25,446537495537069.1,470476337423339.1,495020840410986.7,518150876136607.7,553756958626753.7,591335751683864.6,551773008294659.06,492869116522885.2,565898836387333.1,614033094669397.1,647295289131867.1,641185858360001.5
"Freshwater sedimental ecotoxicity (FSETP inf) | Problem oriented approach: non baseline (CML, 1999) | FSETP inf. (Huijbregts, 1999 & 2000)",248470370892.1001,244096988325.89618,240039727191.89398,231213944862.80615,228597380195.03726,266385917998.73685,238010150587.9364,236868289195.83124,246581161664.18292,263496119791.98404,279352281762.0766,296833911604.83295,315390244701.2765,306653318698.69196,271514411236.11176,310618711502.04926,337001293427.9442,361061933710.9803,356790938653.2503
"Marine sedimental ecotoxicity (MSETP inf) | Problem oriented approach: non baseline (CML, 1999) | MSETP inf. (Huijbregts, 1999 & 2000)",357654418261351.0,355094568872635.75,346093846044589.7,335966136776084.9,334329736211785.8,397378372904136.9,343501255296560.5,342823410422988.9,357551981621709.25,380607268840168.4,399253787395564.7,431714708516655.44,464407385155044.75,438121293714684.0,381524209091936.8,448032694447407.5,487733963196184.6,517001564081789.2,508761623254891.6
"Terrestrial ecotoxicity (TETP inf) | Problem oriented approach: baseline (CML, 1999) | TETP inf.(Huijbregts, 1999 & 2000)",614038778511.7711,607461756794.747,595520122879.3127,580622460834.4214,574651449137.0624,695695971357.6595,612118866529.8076,631051160800.1736,675984790743.3408,770170868556.4708,852019191005.9662,979029281756.6626,1095778758063.8564,1045199574249.642,834647298843.8125,1095710945704.3577,1248022678448.8838,1358551108079.5007,1300623884890.5
"human toxicity (HTP20) | Problem oriented approach: non baseline (CML, 1999) | HTP 20 (Huijbregts, 1999 & 2000)",29398181136467.957,29563629407098.188,29043997541341.746,28454649052209.14,29050518504864.34,32168214637789.934,29128437946114.49,29908359593360.234,31412672771213.402,34910723237696.645,37446756949094.484,41322614172307.984,44915036600010.52,43157091328825.23,36917035832279.71,43486065215624.12,46466415631750.69,47697343937673.72,46530655695423.02
"Freshwater aquatic ecotoxicity (FAETP20) | Problem oriented approach: non baseline (CML, 1999) | FAETP 20 (Huijbregts, 1999 & 2000)",32437009963.10624,31535583889.901794,31209381479.016674,29789433941.868103,29142454651.908905,32008411222.08335,30661294724.009453,30760306379.712456,32307330251.484516,33958614557.252594,36228471095.07309,36967336219.14756,38159324181.13008,37919137840.61364,35456887683.648056,38103193790.09569,41013946166.17411,44426616914.54768,44535810396.96999
"Marine aquatic ecotoxicity (MAETP20) | Problem oriented approach: non baseline (CML, 1999) | MAETP 20 (Huijbregts, 1999 & 2000)",1192737677685.064,1167666704020.296,1152965424780.131,1107256093782.4678,1092056497621.7836,1238640756674.4067,1144049310153.0974,1145059312980.682,1197868557848.6118,1274702602168.5815,1358111904418.1453,1420989932120.8577,1493412288545.6877,1470218290684.2722,1333281738270.5032,1485262125199.3633,1605492682931.47,1726166666866.9568,1715879053352.7646
"Freshwater sedimental ecotoxicity (FSETP20) | Problem oriented approach: non baseline (CML, 1999) | FSETP 20 (Huijbregts, 1999 & 2000)",100786907033.36638,97856607350.84857,96890026559.14655,92372506231.36783,90258956050.10364,99107408912.84984,95185678835.99234,95429535912.1579,100198161394.4198,105330986318.5815,112479788438.04456,114535951125.63614,118071204931.93,117708903113.81114,110172861179.2083,118133431829.96252,127166200730.48949,137984401334.9256,138350040850.67657
"Marine sedimental ecotoxicity (MSETP20) | Problem oriented approach: non baseline (CML, 1999) | MSETP 20 (Huijbregts, 1999 & 2000)",3127352005142.5635,3050193283997.6924,3015345320941.115,2885935563799.4053,2834512105112.4473,3172621850028.634,2980447861668.9688,2985022813780.3315,3127832107499.2285,3312222655209.7437,3534176890115.212,3656703835591.2554,3812696476838.4766,3777612040189.108,3472881622795.2637,3807251173243.197,4108726817228.404,4437375865991.905,4426091385848.692
"Terrestrial ecotoxicity (TETP20) | Problem oriented approach: non baseline (CML, 1999) | TETP 20 (Huijbregts, 1999 & 2000)",4254824218.9147286,4250039919.278388,4190209306.9051776,4099064321.8680067,4133551848.0159774,4878134970.429837,4277397255.8393307,4324935703.766531,4537958627.121807,4942408328.065932,5259710507.007328,5768707949.3937645,6252192660.385418,6088601370.852868,5429955366.307862,6326320624.857251,6796737532.774303,7187661182.363537,7048340278.468446
"human toxicity (HTP100) | Problem oriented approach: non baseline (CML, 1999) | HTP 100 (Huijbregts, 1999 & 2000)",29409224000162.113,29574859257971.63,29055388790608.21,28466186685485.08,29062261915105.445,32180734945128.625,29140683696584.473,29921006686429.73,31425916710716.8,34924710068078.133,37461453544300.12,41338222799378.27,44931513246503.57,43173553058771.75,36932860103199.95,43503473729986.56,46484906648397.53,47705270202698.195,46538307802003.13
"Freshwater aquatic ecotoxicity (FAETP100) | Problem oriented approach: non baseline (CML, 1999) | FAETP 100 (Huijbregts, 1999 & 2000)",40595853264.803825,39619864620.13835,39131332728.214386,37458732380.79347,36766101475.7633,40632821556.66511,38556000885.695465,38748220496.325714,40726084528.803925,42828394540.9095,45586424632.63453,46798819873.05311,48537983212.606384,47849152669.342636,44509970153.387054,48202859078.23176,51911945674.06407,55981240614.15029,56041770348.13556
"Marine aquatic ecotoxicity (MAETP100) | Problem oriented approach: non baseline (CML, 1999) | MAETP 100 (Huijbregts, 1999 & 2000)",3331134345332.0054,3296575548828.5337,3244674373432.3677,3146360777885.708,3140179028268.888,3695797862479.772,3258869358750.015,3256312832947.5312,3391653686065.301,3664046886251.5083,3891919588943.0586,4203990935207.6875,4515518180095.656,4374017598679.8,3815416216681.0693,4447218048363.941,4832121759897.548,5136835800996.469,5058581903116.016
"Freshwater sedimental ecotoxicity (FSETP100) | Problem oriented approach: non baseline (CML, 1999) | FSETP 100 (Huijbregts, 1999 & 2000)",121644295014.55136,118402143840.13821,117087528034.17392,111843465858.14166,109538180069.07745,121098256447.74141,115295637294.56796,115630462981.74872,121378942796.34897,127762453950.53093,136240303304.05234,139459030429.95493,144347399826.7757,143216422000.5748,133296754614.81236,143959578899.20462,155057826579.83063,167766946993.91327,167959105934.8867
"Marine sedimental ecotoxicity (MSETP100) | Problem oriented approach: non baseline (CML, 1999) | MSETP 100 (Huijbregts, 1999 & 2000)",5732642205747.033,5637740730058.811,5558586676850.687,5360819530630.014,5314701659631.529,6147684859653.627,5550239014407.052,5550470366565.066,5795715891057.909,6218257239720.469,6622063522220.433,7041388693941.761,7483704186839.025,7313755742861.448,6497872540290.745,7413008786550.843,8043908182444.719,8609611960437.659,8516723096296.212
"Terrestrial ecotoxicity (TETP100) | Problem oriented approach: non baseline (CML, 1999) | TETP 100 (Huijbregts, 1999 & 2000)",19523672052.036938,19519552755.270298,19242935253.370945,18842249721.4346,19019844730.808647,22525401336.161346,19673425918.752827,19895670382.483772,20873507753.218693,22786929435.786972,24261311969.988693,26706546656.982277,29011871534.16205,28232501700.808895,25084341534.8041,29369442379.770226,31578837005.758663,33383977838.22595,32696588196.607956
"human toxicity (HTP500) | Problem oriented approach: non baseline (CML, 1999) | HTP 500 (Huijbregts, 1999 & 2000)",29420622208239.453,29585835261839.277,29065891188950.152,28476194631849.58,29071856711251.55,32192699385657.008,29150873736158.39,29931394960361.402,31437036864026.61,34937231290057.996,37475235776700.234,41353957682229.04,44949031098367.29,43189929802178.086,36945591786414.914,43520548502924.0,46504604227463.05,47726859595962.77,46558951470283.086
"Freshwater aquatic ecotoxicity (FAETP500) | Problem oriented approach: non baseline (CML, 1999) | FAETP 500 (Huijbregts, 1999 & 2000)",54661366159.72414,53640764479.556076,52869616960.56216,50851708090.249115,50201208570.49568,56740250410.85761,52355986779.417206,52479990579.6977,54966993109.90485,58163883394.45447,61708481472.10366,64396925270.84322,67572911728.1738,66014879806.56123,60214747388.78615,66748726978.18173,72005235797.02617,77172892332.0216,76855775297.52898
"Marine aquatic ecotoxicity (MAETP500) | Problem oriented approach: non baseline (CML, 1999) | MAETP 500 (Huijbregts, 1999 & 2000)",13762874481917.143,13704589393293.63,13462632919192.352,13128333249897.842,13189070507376.465,15853748367228.48,13613802705915.12,13589494761366.53,14120522347026.033,15391087672891.451,16323210943843.385,17959456653721.984,19522181344116.004,18741567452335.44,15987747498063.043,19129831531218.992,20855315211586.688,22045321715152.41,21597411352246.055
"Freshwater sedimental ecotoxicity (FSETP500) | Problem oriented approach: non baseline (CML, 1999) | FSETP 500 (Huijbregts, 1999 & 2000)",155722529613.84598,152337363448.4853,150359306724.7759,144263969443.00177,142051325855.95023,160405387034.6446,148732539999.82492,148783540656.17468,155660477013.0976,164809834338.1665,175212949450.8753,182151831169.11258,190627153440.9532,187508812684.53848,171320864971.00757,189151144364.40314,204069643613.7066,219533236037.22836,218714639470.12195
"Marine sedimental ecotoxicity (MSETP500) | Problem oriented approach: non baseline (CML, 1999) | MSETP 500 (Huijbregts, 1999 & 2000)",15993535731800.65,15869291750104.902,15603606300143.467,15171038427468.203,15186882954685.373,18137100834711.117,15731431897735.227,15698876257844.127,16324867738722.484,17744289073841.45,18846944888418.785,20590797391879.957,22280866914893.484,21488991617715.375,18467594054773.28,21899664945622.758,23870468143441.652,25325780070337.234,24855838122047.027
"Terrestrial ecotoxicity (TETP500) | Problem oriented approach: non baseline (CML, 1999) | TETP 500 (Huijbregts, 1999 & 2000) TETP 500",78555434636.22289,78498408882.68246,77366321783.63304,75749157349.17947,76399490335.2506,90732662985.52396,79149153418.9289,80109644239.92038,84120711235.71005,92181115500.93903,98413319670.50673,108783820391.25043,118511156651.77115,115191540877.0629,101455919390.50926,119898536095.52144,129471356075.91608,137138344846.7549,134040946854.55185
"photochemical oxidation (high NOx) | Problem oriented approach: baseline (CML, 1999) | POCP (Jenkin & Hayman, 1999; Derwent et al. 1998; high NOx)",32303346286.104668,32165188060.73684,31991494234.803776,31350249676.77845,30851378497.32525,30561335276.070477,29924864384.9026,29598093350.372086,29061674192.151253,29070122123.380394,29266141599.69969,29139496821.233215,28900546136.510086,28603062498.663727,28404491968.809708,28817578199.14615,28746715317.947956,183242399648.20862,29431639341.055412
"photochemical oxidation (low NOx) | Problem oriented approach: non baseline (CML, 1999) | POCP (Andersson-Skï¿½ld et al. 1992; low NOx)",20110315700.702824,19900781639.791294,19687005502.53003,19146966810.42829,18799677292.751316,18225390923.754135,17742866960.346695,17718520991.646595,17265639498.407608,17300874031.058167,17417114707.42737,17548213126.450172,17579617296.51822,17588636978.762856,17510199882.81941,17889551919.740093,17868099061.50507,18549022221.442738,18292881884.947533
"photochemical oxidation (MIR; very high NOx) | Problem oriented approach: non baseline (CML, 1999) | MIR 1997; very high NOx (Carter, 1994, 1997, 1998;Carter, Pierce, Luo &  Malkina, 1995 )",8399579940.645961,8317678243.960016,8228634840.767591,8006143815.596342,7866702689.613534,7638386199.528852,7444720372.277469,7435487993.982147,7262741400.262804,7285876798.604174,7338494219.44423,7399394669.8249235,7415787514.1848345,7423060874.843664,7389232132.25518,7550496244.633415,7552210297.600679,7830348184.078996,7729221824.508059
"photochemical oxidation (MOIR; high NOx) | Problem oriented approach: non baseline (CML, 1999) | MOIR; high NOx (Carter, 1994, 1997, 1998;Carter, Pierce, Luo &  Malkina, 1995 )",15150185796.515516,15001340652.999237,14840685515.613869,14438769605.04504,14186142005.648262,13772027105.386,13421144510.560925,13404305406.31769,13089450954.452244,13129500200.345589,13223594035.983948,13332213376.711926,13361127245.38352,13373546568.28899,13312743202.393793,13603050385.746128,13604012274.200094,14106935397.083635,13923366833.895672
"photochemical oxidation (EBIR; low NOx) | Problem oriented approach: non baseline (CML, 1999) | EBIR; low NOx (Carter, 1994, 1997, 1998;Carter, Pierce, Luo &  Malkina, 1995 )",19349975766.829964,19160179774.97636,18955002935.989697,18441841512.852337,18119493350.451515,17591220205.142162,17143504696.697495,17122049403.301785,16720821654.580269,16772438599.644444,16892841145.710987,17031910711.631542,17069021002.469887,17085077005.713741,17007359268.526615,17378298508.063408,17380117422.996986,18022109489.116344,17787977746.156055
"acidification (incl. fate, average Europe total, A&B) | Problem oriented approach: baseline (CML, 1999) | AP ( Huijbregts, 1999; average Europe total, A&B)",268609099183.95108,294108499186.5227,297260335330.1249,276666539707.2641,272693842044.4419,257215559961.03476,265554305185.04297,258363289187.87985,268930718869.98007,270295973237.05408,281039364723.569,289542114115.68164,288903104358.18506,280640625039.3489,295634621739.90247,296174448939.28345,303719652467.2042,315014030903.5333,310493470744.3617
"acidification (fate not incl.) | Problem oriented approach: non baseline (CML, 1999) | AP (Hauschild & Wenzel (1998).",282405909392.5854,312811167905.6315,316537857626.25146,292500794317.85364,289180195508.07526,270873350152.20685,280243188382.2764,271618690129.33453,282252569480.06165,282621030329.7008,293850972309.81445,304994943074.2505,304720519286.2702,296501915951.14465,314620814780.0176,315953226056.1732,324389728621.3209,336734686327.2072,331978921981.409
"eutrophication (fate not incl.) | Problem oriented approach: baseline (CML, 1999) | EP (Heijungs et al. 1992))",34464828242.74155,40337988261.99216,41079904221.38354,36780149879.992134,36844217195.237335,33370306086.159824,35066931445.27528,33463668467.712116,34629863508.11025,34077478207.86167,35483501989.82243,38034622182.856285,38191627075.28275,37416589711.75375,41163922641.283936,41653158887.499115,43053321211.73508,44838915246.86384,44131699638.65481
"eutrophication (incl. fate, average Europe total, A&B) | Problem oriented approach: non baseline (CML, 1999) | EP ( Huijbregts, 1999; average Europe total, A&B)",361761802411.97705,433520718328.8545,443286286947.8148,390620161955.391,391391902432.7895,348787353683.66455,370481703567.66095,350693184124.42993,365030094646.0483,356532968100.2308,373162841114.0339,403550204905.223,404386783198.1745,395566842227.8013,442836898001.1774,447370578003.9916,463167334505.534,484208859003.0419,475264240248.402
"odour | Problem oriented approach: non baseline (CML, 1999) | 1/OTV",5.729908464089987e+16,7.391695535196341e+16,7.648966356934414e+16,6.462590233523949e+16,6.503612292346968e+16,5.51107705788177e+16,6.087545074762798e+16,5.652151132427789e+16,5.9844983361617016e+16,5.72052361645371e+16,6.072496076029771e+16,6.737535355612855e+16,6.7246122917757016e+16,6.564718054969017e+16,7.74631270378367e+16,7.7864092660801e+16,8.123780005607038e+16,8.558076590693722e+16,8.318369728025997e+16
Climate change midpoint | ILCD recommended CF | Global warming potential 100 years,31624222224382.203,32157455653033.957,32348036413775.06,32376902736585.445,32572656177529.547,33329971910932.797,33668719823763.445,34142883615882.05,35443873791010.91,36936486914550.73,38065308539608.836,39268357118392.79,40491343312779.32,40754283702800.59,40341017943523.664,42286476779981.82,43567133444222.59,44064179722550.625,44693008219001.49
"Climate change endpoint, human health | ILCD recommended CF | Disability Adjusted Life Years (DALY)",44272424.062881045,45018933.14489088,45285762.100652024,45326151.222459376,45600187.078100115,46660429.503276765,47134667.957816705,47798467.97113393,49619853.527301386,51709468.93846084,53289807.705901235,54974051.61571882,56686192.05963403,57054310.6193411,56475745.401875906,59199352.10668649,60992212.334116206,61688026.94548163,62568393.01050026
"Climate change endpoint, ecosystems | ILCD recommended CF | Potentially Disappeared Fraction of species (PDF)",250684.50374594372,254912.36340551946,256424.58942847323,256654.48555175425,258206.57710630485,264211.9487996857,266898.1737681724,270657.79125893116,280972.9366537062,292806.71806081117,301756.8814759236,311294.97307615133,320991.87866303005,323076.30238773505,319799.6417915575,335224.65469934675,345377.19220581575,349317.88620143983,354304.4585502518
"Human toxicity midpoint, cancer effects | ILCD recommended CF | Comparative Toxic Unit for human (CTUh)",74274.71083664344,73888.45320463729,72449.74356179709,70598.01351884162,71108.45108614722,82796.64786071333,72626.47513176958,73560.32111213499,77050.66177695843,84583.32751794324,90191.94311751188,99298.20738602648,107742.23132883417,104237.40815017963,91017.44172373827,107058.31257013984,114883.53281094276,120632.4138320674,117829.81273897916
"Human toxicity midpoint, non-cancer effects | ILCD recommended CF | Comparative Toxic Unit for human (CTUh)",12808463.901599757,12478413.400253646,12064692.577885512,11606715.410331078,11361679.580906099,14665068.379752075,12020104.12840168,12018689.871756915,12649900.323378602,14182063.169644115,15397774.299614452,17594319.49106194,19595935.60185503,18478179.74748058,14543208.80083947,19159728.554589465,21873731.334137224,23794654.85065364,22936378.05307552
"Human toxicity endpoint, cancer effects | ILCD recommended CF | Disability Adjusted Life Years (DALY)",853877.8561679351,849424.7784169785,832874.1324594627,811577.5607405282,817431.3328535483,951792.2462371641,834883.3205849072,845626.4193683335,885759.0773070027,972373.9322882711,1036870.3735561591,1141578.889210591,1238670.4315784154,1198354.7922935386,1046304.3951784095,1230777.238532822,1320777.8204259523,1386889.712344164,1354649.492961673
"Human toxicity endpoint, non-cancer effects | ILCD recommended CF | Disability Adjusted Life Years (DALY)",34566394.25862243,33675118.489677645,32558167.891848452,31321851.291599777,30659927.3329452,39575219.24932886,32436997.814455777,32433262.60032565,34136868.07760659,38272353.80401174,41553850.92170192,47482604.45979609,52885133.54754978,49867635.85035993,39245185.80636468,51706677.60270279,59032858.049813464,64217952.92048395,61900882.54639097
Particulate matter/Respiratory inorganics midpoint | ILCD recommended CF | emission-weighed average PM2.5 equivalent,50755443873.827866,51450824131.69692,51615139332.23734,49972092081.44023,49672792275.02914,49852250912.364624,49479918667.97959,49676796917.19314,51358126920.1369,52819503407.619156,54766303853.46649,56903131189.12537,58183585250.75282,57870028929.3227,57985960040.32416,60665109527.83145,62670110277.58876,65839245612.957565,65531385672.27579
Particulate matter/Respiratory inorganics endpoint | ILCD recommended CF | Disability Adjusted Life Years (DALY),91359798.57509175,92611483.03381982,92907250.39710963,89949765.36327337,89411025.71769392,89734051.2823904,89063853.24879389,89418234.10016648,92444628.11341964,95075105.79241584,98579346.59075063,102425635.78745513,104730453.0971396,104166051.71834117,104374727.71153182,109197196.78018025,112806198.12855446,118510641.7154069,117956493.82858679
"Photochemical ozone formation midpoint, human health | ILCD recommended CF | Photochemical ozone creation potential (POCP)",120016272163.1377,120030132279.92392,119693814059.24316,117455635246.17888,116140402989.6083,116053651431.51553,113360361773.31146,111222725644.9539,108089910796.19522,107107283782.94199,107098474684.8396,106344714557.12213,104831188951.50597,103774386881.81201,103213150041.50989,104891727419.15373,104118410571.85773,1128472219257.5977,106794974346.03638
"Photochemical ozone formation endpoint, human health | ILCD recommended CF | Disability Adjusted Life Years (DALY)",4681.37051508761,4681.906921150645,4668.780570101242,4581.467801591423,4530.169680812974,4526.763456733155,4421.704433541307,4338.3354655393305,4216.130674382953,4177.8051758815745,4177.459605315433,4148.080955662768,4089.0597776982886,4047.859189608668,4025.9720282640837,4091.461302517615,4061.3042319409005,44011.125830632685,4165.706970540428
Acidification midpoint | ILCD recommended CF | Accumulated Exceedance (AE),313712497796.0101,362572030762.4832,369878690105.61414,333042015825.2522,329678818615.6843,300109540183.7506,317960267663.6236,305051204729.893,320798288333.52985,317629336466.5289,333159278088.3558,350095104686.38605,348599675858.37897,338428288317.15283,371451905710.3732,371273835015.3074,383219849734.6648,400003037136.698,391395950951.7231
Acidification endpoint | ILCD recommended CF | Change in potentially not occuring fraction of plant species per change in base saturation,1436.4574756767952,1666.5584671258757,1701.0413566784548,1528.1125356659065,1513.5621202029058,1374.416511384733,1458.2292305043975,1397.4651517031782,1469.9402475308752,1453.7214030383493,1525.3978017547274,1605.8940772086175,1599.165961425489,1552.8068017681087,1708.8137473918034,1708.3577463501695,1764.0453277263184,1841.9529215020366,1801.8580234855726
Eutrophication terrestrial midpoint | ILCD recommended CF | Accumulated Exceedance (AE),773537642652.244,997878897251.7006,1032610458186.2068,872449681525.9244,877987659466.7242,743995402813.9336,821818585093.0844,763040402877.8168,807907275381.7004,772270688221.2665,819786970263.8195,909567273007.9807,907822659389.609,886236937420.9441,1045752215011.1538,1051165250921.2986,1096710300756.9945,1155340339743.6162,1122979913283.5142
Eutrophication marine midpoint | ILCD recommended CF | Potentially Disappeared Fraction of species (PDF),6417497479.780366,8278698999.420262,8566842319.766307,7238101061.549533,7284045767.426836,6172406304.827353,6818050483.732238,6330409268.319204,6702638136.502302,6406986450.430886,6801195605.150063,7546039598.288097,7531565766.787504,7352484221.566444,8675870228.238417,8720778378.010101,9098633606.277374,9585045781.575075,9316574095.38721
Ecotoxicity freshwater midpoint | ILCD recommended CF | Comparative Toxic Unit for ecosystems (CTUe),5759319261982.069,5638199018054.995,5473688999996.829,5298881882336.49,5210261703362.937,7063185236892.473,5595421848731.785,5543094500127.023,5814171369084.685,6598282737825.971,7200447917910.039,8400387983014.401,9495493140239.771,8840713451314.51,6550238528083.8955,9143557376609.965,10744527801152.229,11733539689151.012,11300428544943.738
Ecotoxicity freshwater endpoint | ILCD recommended CF | Potentially Disappeared Fraction of species (PDF),5759319261982.069,5638199018054.995,5473688999996.829,5298881882336.49,5210261703362.937,7063185236892.473,5595421848731.785,5543094500127.023,5814171369084.685,6598282737825.971,7200447917910.039,8400387983014.401,9495493140239.771,8840713451314.51,6550238528083.8955,9143557376609.965,10744527801152.229,11733539689151.012,11300428544943.738
"GHG emissions AR5 (GWP100) | GWP100 (IPCC, 2010)",32526717110208.02,33091364368701.445,33312229722054.297,33347032784043.926,33606761272593.008,34379400451711.4,34723031247911.992,35234429195120.62,36601256006564.29,38193007736083.51,39404478262380.85,40689218388666.375,41944733540595.15,42258761619337.49,41880257849252.85,43930242250716.16,45237379871920.11,45795719685931.03,46494625476761.47
Nitrogen,43476529912.403496,46292371230.47017,46182286199.493515,45577266813.52413,46310275947.96453,44541745189.389244,45339549608.560715,45918529074.02382,46797204923.984856,47580625664.342834,49100852260.45875,51452070989.744354,53029090742.2579,52106394174.26515,54484629381.752594,55199931398.684746,57090597594.07467,62325983157.32081,61494494787.47937
Phosphorous,25546597726.003956,25123586301.426575,25861135580.00038,25546578122.7983,25381454546.363094,25195960273.125195,25372218311.663586,25986706749.185894,26453561561.310005,27395463213.788277,27792207331.028324,28903057658.128635,28819852113.057728,27158847448.669926,28433211206.035,29450818146.121178,29199519501.015778,31994365282.941734,32057137155.29185
PM10,33466438774.00223,33261073576.64894,33208057468.504066,32631168073.681084,32534895418.91024,33536511623.29892,32793138014.8699,33133792184.713364,34247478051.33979,35412400668.28542,36599657356.39683,38189414116.445435,39344555115.99297,39069496530.21951,38202646966.854706,40464930788.29552,42122854198.26361,44405850557.35692,44322759318.74312
PM25,26466142481.817833,26289957903.956768,26317950467.923225,25859056198.995525,25789792371.81874,26495044532.297195,25831708850.189484,26040957117.98501,26706570595.06986,27464165861.50625,28244951873.713898,29330567603.148804,30101354140.525543,29802111716.82141,29001585948.50074,30632733999.65466,31731674144.98299,33406723003.21183,33266722558.753143
SOx,107381116168.21434,106368569159.96402,106015195516.13211,105245641811.26479,101732616325.86926,102041994683.73572,102378936187.62456,102562015672.15843,106920945482.04295,110587422327.91568,114328165337.61916,111924837363.99329,111081209653.99228,107002903096.95285,104971955768.07474,103911660442.50143,105253201194.98396,108052766486.96602,107008538294.16689
NOx,96171479813.62985,96423156379.61871,95342209133.18135,93965532744.8639,93138642718.27632,93200648012.34909,90622452327.27818,89733537854.68507,89771757285.3775,92149907241.57733,93393746834.49596,94886282293.48347,96046824899.28781,94426744478.39966,91478317455.76077,93819392518.21788,94895809344.1311,96870100951.8136,98007509220.07027
Domestic Extraction Used - Crop and Crop Residue,5473341.420000421,5797476.740000288,5883219.208000529,5947358.462000139,6080351.848000681,6145036.643000003,6226759.553000001,6305991.364000002,6472565.481000001,6769175.2119999975,6798851.085000005,6928098.481999995,7290530.686999999,7675751.574000003,7644367.137000004,7748687.928000003,8174237.080000003,8211938.740999999,8615323.538000004
Domestic Extraction Used - Grazing and Fodder,9067457.920895562,9165926.294048568,9228319.490539398,9228482.092791127,9294895.412208831,9297912.848025855,9381565.262190588,9541449.480220253,9690022.489791375,9946289.826918637,10091065.40634607,10249265.517050363,10507523.183689611,10848430.60013548,10904567.652971007,10886922.641935522,11084828.268073715,11145198.58897904,11422367.7869974
Domestic Extraction Used - Forestry and Timber,2281756.6104586297,2259769.7598264525,2301349.617408244,2285912.474230167,2321141.2123613018,2365932.5365525815,2313843.441788746,2354797.0117311827,2394984.596910339,2427591.7851114706,2449865.332518551,2428356.293623744,2456722.5466008023,2388134.3835124383,2324310.4704160956,2433703.4041950814,2486410.28358286,2494086.596453918,2520527.2744614636
Domestic Extraction Used â Fisheries,94145.62070000001,95834.7368,95157.65849999999,87514.48660000002,93488.62179999998,95368.92680000002,92646.6517,92932.1057,90167.2664,94763.60450000002,94534.9923,92222.78940000001,92646.9367,91968.4977,91826.70770000001,90701.96040000003,95219.2187,92862.7919,94249.31689999998
Domestic Extraction Used - Non-metalic Minerals,16489863.344421418,16881488.452961985,17408381.886292897,17794293.11213773,18587279.73503044,19168082.14755932,19765833.621039808,20378016.397274032,21964095.479585603,23598151.680508893,25224509.971553907,27495104.833705805,29242716.487018064,29147363.128330372,30407043.59702127,31906048.919072043,34975698.48362146,36234173.64192091,38622652.57898382
Domestic Extraction Used - Iron Ore,1044263.6165000001,1020163.9055000001,1064080.9390000002,1053436.3869999999,1020466.6174999999,1090043.06,1056384.9324999999,1123708.9800000002,1244436.3665,1382029.2355,1575755.8675,1839471.2045,2056521.4575000003,2235401.2550000004,2279974.6259999997,2624302.3440000005,3007350.3219999997,2960464.717,3143272.831
Domestic Extraction Used - Non-ferous metal ores,3252622.956598665,3487980.95582122,3644844.8151405654,3717161.3781177206,3746369.2344265003,3861032.5334932483,3928037.9617362586,3940718.602467997,4012992.3505295506,4111658.2850439306,4255274.518980395,4318715.011525171,4531155.965140592,4548501.285534613,4524794.758844387,4705883.704799593,4844984.664651632,5140299.684503863,5463165.681999643
Unused Domestic Extraction - Crop and Crop Residue,2948629.9296855014,3134101.5220552622,3164097.8094805893,3221519.731695039,3307546.4094004775,3348807.7455699984,3398439.512884999,3402452.7210500017,3527170.669245001,3737657.4796849997,3780591.565214999,3842572.6058099996,3986775.838940001,4205180.386715,4188215.9001749996,4319573.43474,4496101.4102,4534864.97049,4800060.742390003
Unused Domestic Extraction - Grazing and Fodder,513908.5262974946,518731.2261372651,519472.7971481848,516582.5128194295,537503.9114643121,531118.696069024,529530.012135471,533200.1289427159,529216.2075768583,550681.4534850307,552465.2918739232,549178.7759615243,574366.071619144,583578.2941779463,582338.053376428,525534.1858359977,547263.2474794516,536546.776938777,557239.2682360539
Unused Domestic Extraction - Forestry and Timber,349082.30280793476,345355.4164675391,351669.2366818507,349643.9264007939,354706.44846539246,364237.6380052201,353901.7357596943,360175.3806692565,367594.7713653887,373046.2597601398,376782.2416940543,374077.4049261833,380767.6868288188,366782.77755979204,355742.9999171638,373314.15018815576,381292.4463520593,382010.59638116596,385788.6928454087
Unused Domestic Extraction â Fisheries,19209.897813000003,19604.174599000005,19217.980441,17508.044772999998,18747.075797999998,19091.552452000004,18560.556276,18611.074936,18112.241380000003,19238.44842,19237.729482000002,18544.916402000003,18628.139138,18493.332249000003,18668.904191999998,18361.983775999994,19401.379965999997,18752.364858000004,18989.255323999998
Unused Domestic Extraction - Coal and Peat,22422648.236672,22654031.32345723,23054795.828364763,23180416.120033216,22979981.70768334,23520793.91590086,24718964.452773698,24690929.315446608,25316068.054037612,26354503.548628293,27438557.7946058,28311041.447887003,29048561.380965505,29572198.8758662,29390598.020352483,30295211.4462602,30986561.31516009,31860537.628412396,32501177.9704124
Unused Domestic Extraction - Oil and Gas,827459.4441317901,851583.7544496999,872171.3188303,889339.27663103,877532.7249965003,909638.0730794001,911686.29666614,912272.7048991,951973.0099590999,994707.0019389,1017234.6663749999,1029254.5458804001,1026275.3562728001,1041741.5224851999,1012519.7754513,1043443.4412533998,1054900.7432277002,1071171.6112602,1079044.5927162
Unused Domestic Extraction - Non-metalic Minerals,1786702.378675092,1797568.076698357,1815401.0613269086,1877399.2391818357,1911647.1896563312,1914215.5331037126,1925974.4839824867,1989612.6327765503,2099244.5722370693,2218719.1328335693,2373393.670400476,2444194.614749851,2557850.3357619788,2386631.841054606,2027993.0817280158,2162189.6184880827,2251234.842374932,2328030.491583906,2414331.0032081464
Unused Domestic Extraction - Iron Ore,886983.0579340002,871110.9387570001,907040.0859579999,900692.694312,866805.425187,926065.4172290001,900731.476371,953287.5681710001,1053433.109726,1167874.8196540002,1336732.757671,1560097.705168,1744417.340242,1918112.058589,1980106.7148580002,2292114.0707780006,2659559.086745,2653492.6321949996,2837143.9272689996
Unused Domestic Extraction - Non-ferous metal ores,4323970.005719008,4596883.790599409,4860576.149082475,4924166.5200432595,4953619.292413534,5019978.57711004,5018383.1677594725,4869909.110484113,4951003.382802538,5028711.397290985,5131157.112336562,5121023.801750022,5190829.132049424,5213025.223238422,5361254.841648523,5594884.405399934,5716864.166823203,5972356.315619515,6264066.174179369
"Land use Crop, Forest, Pasture",61735690.64162691,61677508.40449142,61746180.90982893,61804472.184595615,61734653.323582925,61785092.72658895,61827540.98691832,61781529.0241997,61750638.60539352,61913055.507659025,61856216.060031675,61831966.49397048,61760007.74821337,61845303.30296146,61822328.05918067,61831766.058123946,61956330.880978405,67958984.84478277,65960535.06226711
